{"cameraMode":{"drawMode":0,"name":"Shaded","section":"Shading Mode"},"sceneLighting":true,"audioPlay":false,"sceneViewState":{"showFog":true,"showMaterialUpdate":false,"showSkybox":false,"showFlares":true,"showImageEffects":true,"showParticleSystems":true},"in2DMode":false,"pivot":{"x":-21.408809661865236,"y":4.661250114440918,"z":0.3945118188858032},"rotation":{"x":0.10155850648880005,"y":0.586813747882843,"z":-0.07466798275709152,"w":0.800658643245697},"size":0.6452344655990601,"orthographic":false}