{"cameraMode":{"drawMode":0,"name":"Shaded","section":"Shading Mode"},"sceneLighting":true,"audioPlay":false,"sceneViewState":{"showFog":true,"showMaterialUpdate":false,"showSkybox":false,"showFlares":true,"showImageEffects":true,"showParticleSystems":true},"in2DMode":false,"pivot":{"x":230.4639892578125,"y":151.67543029785157,"z":0.1881103515625},"rotation":{"x":0.018317606300115587,"y":0.002497659996151924,"z":-0.00023043592227622867,"w":1.000476360321045},"size":610.843017578125,"orthographic":false}